[{"family":"MaterialIcons","fonts":[{"asset":"fonts/MaterialIcons-Regular.otf"}]},{"family":"packages/cupertino_icons/CupertinoIcons","fonts":[{"asset":"packages/cupertino_icons/assets/CupertinoIcons.ttf"}]},{"family":"packages/flutter_feather_icons/FeatherIcons","fonts":[{"asset":"packages/flutter_feather_icons/fonts/feather.ttf"}]},{"family":"packages/heroicons_flutter/Heroicons Solid","fonts":[{"asset":"packages/heroicons_flutter/assets/fonts/heroicons-solid.ttf"}]},{"family":"packages/heroicons_flutter/Heroicons Outline","fonts":[{"asset":"packages/heroicons_flutter/assets/fonts/heroicons-outline.ttf"}]},{"family":"packages/heroicons_flutter/Heroicons Mini","fonts":[{"asset":"packages/heroicons_flutter/assets/fonts/heroicons-mini.ttf"}]}]